<?xml version="1.0" encoding="utf-8"?>

<extension

type="module"

version="1.0"

method="upgrade"

client="site">

<name>Integration of React in Joomla</name>

<creationDate>September 2019</creationDate>

<author>Eduard Stancu</author>

<authorEmail>eduardstancu@yahoo.com</authorEmail>

<authorUrl>http://trythings.xyz</authorUrl>

<copyright>Copyright (C) 2020 Packt Publishing. All rights

reserved.</copyright>

<license>GNU GPL</license>

<version>2.0.0</version>

<description>Integrate a React SPA inside Joomla</description>

<files>

<filename module="mod_reactjs">mod_reactjs.php</filename>
<filename>mod_reactjs.php</filename>
<filename>helper.php</filename>



<folder>tmpl</folder>


</files>



<config> <!-- aici se baga parametri din administrare la noi este vorba despre clasa-->

<fields name="params">



<fieldset name="basic">



</fieldset>



<fieldset name="advanced">

<field

name="moduleclass_sfx"

type="text"

label="COM_MODULES_FIELD_MODULECLASS_SFX_LABEL"

description="COM_MODULES_FIELD_MODULECLASS_SFX_DESC"

/>

</fieldset>

</fields>

</config>

</extension>